{"nodes":{"node:1":{"location":{"x":-88,"y":-63}},"node:12":{"location":{"x":1232,"y":-64}},"node:13":{"location":{"x":1248,"y":384}},"node:14":{"location":{"x":1256,"y":603}},"node:4":{"location":{"x":-65,"y":698}},"node:7":{"location":{"x":472,"y":-65}}},"selection":["node:7"],"view":{"scroll":{"x":-95.031219482421875,"y":-67.1717071533203125},"visible_rect":{"max":{"x":1637.8677978515625,"y":930.412353515625},"min":{"x":-104.534477233886719,"y":-73.88897705078125}},"zoom":0.90908968448638916}}