{"nodes":{"node:1":{"location":{"x":-168,"y":27}},"node:4":{"location":{"x":316,"y":10}},"node:7":{"location":{"x":1130,"y":98}}},"selection":null,"view":{"scroll":{"x":-181.946258544921875,"y":-37.7738227844238281},"visible_rect":{"max":{"x":1846.2784423828125,"y":994.96295166015625},"min":{"x":-224.539703369140625,"y":-46.61663818359375}},"zoom":0.810307741165161133}}