{"nodes":{"node:1":{"location":{"x":-136,"y":10}},"node:4":{"location":{"x":421,"y":0}},"node:7":{"location":{"x":970,"y":242}}},"selection":null,"view":{"scroll":{"x":-156.744171142578125,"y":-36.5205764770507812},"visible_rect":{"max":{"x":1821.814208984375,"y":994.96295166015625},"min":{"x":-200.07537841796875,"y":-46.6165199279785156}},"zoom":0.783425569534301758}}