{"nodes":{"node:1":{"location":{"x":42,"y":11}}},"selection":["node:1"],"view":{"scroll":{"x":-4.27545166015625,"y":-23.2296733856201172},"visible_rect":{"max":{"x":1514.694580078125,"y":760.1356201171875},"min":{"x":-4.09945106506347656,"y":-22.2734146118164062}},"zoom":1.04293274879455566}}