{"nodes":{"node:1":{"location":{"x":-8,"y":-63}},"node:4":{"location":{"x":874,"y":-69}},"node:9":{"location":{"x":636,"y":618}}},"selection":["node:9"],"view":{"scroll":{"x":-90.352752685546875,"y":-58.410491943359375},"visible_rect":{"max":{"x":1756.3729248046875,"y":1004.90789794921875},"min":{"x":-106.245391845703125,"y":-68.68463134765625}},"zoom":0.85041576623916626}}