{"nodes":{"node:1":{"location":{"x":0,"y":0}},"node:4":{"location":{"x":456,"y":1}}},"selection":null,"view":{"scroll":{"x":-101.258438110351562,"y":-31.1809349060058594},"visible_rect":{"max":{"x":1773.458740234375,"y":938.69647216796875},"min":{"x":-121.111907958984375,"y":-37.2944984436035156}},"zoom":0.836073338985443115}}