{"nodes":{"node:1":{"location":{"x":0,"y":0}},"node:4":{"location":{"x":648,"y":15}}},"selection":null,"view":{"scroll":{"x":-101.258598327636719,"y":-31.1809806823730469},"visible_rect":{"max":{"x":1773.458740234375,"y":938.69647216796875},"min":{"x":-121.112113952636719,"y":-37.2945556640625}},"zoom":0.83607327938079834}}