{"nodes":{"node:1":{"location":{"x":0,"y":0}},"node:4":{"location":{"x":518,"y":0}},"node:8":{"location":{"x":24,"y":571}}},"selection":["node:1"],"view":{"scroll":{"x":-416.062774658203125,"y":-132.5357666015625},"visible_rect":{"max":{"x":1269.9405517578125,"y":743.15545654296875},"min":{"x":-452.400146484375,"y":-144.110946655273438}},"zoom":0.919678688049316406}}