{"nodes":{"node:1":{"location":{"x":-18,"y":-85}},"node:4":{"location":{"x":518,"y":0}},"node:8":{"location":{"x":24,"y":571}}},"selection":null,"view":{"scroll":{"x":-216.718338012695312,"y":-141.544631958007812},"visible_rect":{"max":{"x":1444.7891845703125,"y":712.6884765625},"min":{"x":-229.003524780273438,"y":-149.56842041015625}},"zoom":0.946353673934936523}}