{"nodes":{"node:1":{"location":{"x":-18,"y":-85}},"node:4":{"location":{"x":518,"y":0}},"node:8":{"location":{"x":24,"y":571}}},"selection":null,"view":{"scroll":{"x":-216.718307495117188,"y":-141.5445556640625},"visible_rect":{"max":{"x":1444.788818359375,"y":712.68829345703125},"min":{"x":-229.00341796875,"y":-149.56829833984375}},"zoom":0.946354031562805176}}